{
    "uvs":[],
    "metadata":{
        "materials":2,
        "faces":152,
        "version":3,
        "uvs":0,
        "vertices":148,
        "type":"Geometry",
        "generator":"io_three",
        "normals":110
    },
    "vertices":[0,0.393746,-0.163095,0,0.230651,-0.230651,0,0.0675561,-0.163095,0,0,0,0.141244,0.393746,-0.0815475,0.199749,0.230651,-0.115325,0.141244,0.0675561,-0.0815475,0.141244,0.393746,0.0815475,0.199749,0.230651,0.115325,0.141244,0.0675561,0.0815475,0,0.461302,-2.01641e-08,0,0.393746,0.163095,0,0.230651,0.230651,0,0.0675561,0.163095,-0.141244,0.393746,0.0815475,-0.199749,0.230651,0.115325,-0.141244,0.0675561,0.0815475,-0.141244,0.393746,-0.0815475,-0.199749,0.230651,-0.115325,-0.141244,0.0675561,-0.0815475,0.00250673,0.230497,-0.360092,-0.0700952,0.230497,-0.352941,-0.139906,0.230497,-0.331764,-0.204245,0.230497,-0.297374,-0.260638,0.230497,-0.251094,-0.306919,0.230497,-0.194701,-0.341309,0.230497,-0.130361,-0.362486,0.230497,-0.0605504,-0.369637,0.230497,0.0120515,-0.362486,0.230497,0.0846525,-0.341309,0.230497,0.154464,-0.306919,0.230497,0.218803,-0.260638,0.230497,0.275197,-0.204245,0.230497,0.321476,-0.139906,0.230497,0.355867,-0.0700952,0.230497,0.377043,0.00250673,0.230497,0.384194,0.0751086,0.230497,0.377043,0.14492,0.230497,0.355867,0.209259,0.230497,0.321476,0.265652,0.230497,0.275196,0.311933,0.230497,0.218803,0.346322,0.230497,0.154463,0.367499,0.230497,0.0846525,0.37465,0.230497,0.0120506,0.367499,0.230497,-0.0605504,0.346322,0.230497,-0.130362,0.311932,0.230497,-0.194701,0.265651,0.230497,-0.251094,0.209258,0.230497,-0.297374,0.144919,0.230497,-0.331765,0.0751078,0.230497,-0.352941,0.00250673,0.230497,-0.337365,-0.0656607,0.230497,-0.330651,-0.131209,0.230497,-0.310768,-0.191618,0.230497,-0.278478,-0.244569,0.230497,-0.235024,-0.288022,0.230497,-0.182074,-0.320312,0.230497,-0.121665,-0.340196,0.230497,-0.0561168,-0.34691,0.230497,0.0120515,-0.340196,0.230497,0.0802189,-0.320312,0.230497,0.145767,-0.288022,0.230497,0.206177,-0.244569,0.230497,0.259126,-0.191618,0.230497,0.30258,-0.131209,0.230497,0.33487,-0.0656607,0.230497,0.354754,0.00250673,0.230497,0.361467,0.070675,0.230497,0.354754,0.136223,0.230497,0.33487,0.196632,0.230497,0.30258,0.249581,0.230497,0.259126,0.293036,0.230497,0.206177,0.325326,0.230497,0.145767,0.345209,0.230497,0.0802189,0.351923,0.230497,0.0120506,0.345209,0.230497,-0.0561168,0.325325,0.230497,-0.121665,0.293035,0.230497,-0.182074,0.249581,0.230497,-0.235024,0.196632,0.230497,-0.278478,0.136222,0.230497,-0.310768,0.0706741,0.230497,-0.330651,-0.0700952,0.251962,-0.352941,0.00250673,0.251962,-0.360092,-0.139906,0.251962,-0.331764,-0.204245,0.251962,-0.297374,-0.260638,0.251962,-0.251094,-0.306919,0.251962,-0.194701,-0.341309,0.251962,-0.130361,-0.362486,0.251962,-0.0605504,-0.369637,0.251962,0.0120515,-0.362486,0.251962,0.0846525,-0.341309,0.251962,0.154464,-0.306919,0.251962,0.218803,-0.260638,0.251962,0.275197,-0.204245,0.251962,0.321476,-0.139906,0.251962,0.355867,-0.0700952,0.251962,0.377043,0.00250673,0.251962,0.384194,0.0751086,0.251962,0.377043,0.14492,0.251962,0.355867,0.209259,0.251962,0.321476,0.265652,0.251962,0.275196,0.311933,0.251962,0.218803,0.346322,0.251962,0.154463,0.367499,0.251962,0.0846525,0.37465,0.251962,0.0120506,0.367499,0.251962,-0.0605504,0.346322,0.251962,-0.130362,0.311932,0.251962,-0.194701,0.265651,0.251962,-0.251094,0.209258,0.251962,-0.297374,0.144919,0.251962,-0.331765,0.0751078,0.251962,-0.352941,-0.0656607,0.251962,-0.330651,0.00250673,0.251962,-0.337365,-0.131209,0.251962,-0.310768,-0.191618,0.251962,-0.278478,-0.244569,0.251962,-0.235024,-0.288022,0.251962,-0.182074,-0.320312,0.251962,-0.121665,-0.340196,0.251962,-0.0561168,-0.34691,0.251962,0.0120515,-0.340196,0.251962,0.0802189,-0.320312,0.251962,0.145767,-0.288022,0.251962,0.206177,-0.244569,0.251962,0.259126,-0.191618,0.251962,0.30258,-0.131209,0.251962,0.33487,-0.0656607,0.251962,0.354754,0.00250673,0.251962,0.361467,0.070675,0.251962,0.354754,0.136223,0.251962,0.33487,0.196632,0.251962,0.30258,0.249581,0.251962,0.259126,0.293036,0.251962,0.206177,0.325326,0.251962,0.145767,0.345209,0.251962,0.0802189,0.351923,0.251962,0.0120506,0.345209,0.251962,-0.0561168,0.325325,0.251962,-0.121665,0.293035,0.251962,-0.182074,0.249581,0.251962,-0.235024,0.196632,0.251962,-0.278478,0.136222,0.251962,-0.310768,0.0706741,0.251962,-0.330651],
    "normals":[0.215739,0.902123,-0.373671,0.215739,-0.902123,-0.373671,0.470636,0.337651,-0.815165,0.470636,-0.337651,-0.815165,0.431479,-0.902123,0,0.941272,0.33765,0,0.941272,-0.33765,0,0.431479,0.902123,0,0.215739,-0.902123,0.373672,0.470636,0.337651,0.815165,0.470636,-0.337651,0.815165,0.215739,0.902123,0.373671,-0.215739,0.902123,0.373671,-0.215739,-0.902123,0.373672,-0.470636,0.337651,0.815165,-0.470636,-0.337651,0.815165,-0.941272,-0.33765,0,-0.431479,0.902123,0,-0.431479,-0.902123,0,-0.941272,0.33765,0,-0.470636,-0.337651,-0.815165,-0.215739,0.902123,-0.373671,-0.215739,-0.902123,-0.373671,-0.470636,0.337651,-0.815165,9.93162e-08,1,-1.85813e-07,0,1,-0,0,1,0,-9.9318e-08,1,-1.85813e-07,0,1,0,-9.9318e-08,1,-1.85813e-07,-0,1,0,9.93143e-08,1,-1.85814e-07,0,-1,0,-0,-1,0,-0,-1,0,0,-1,-0,-1.24761e-07,-1,6.80351e-07,1.29156e-07,-1,1.31132e-06,1.03684e-08,-1,6.91634e-07,-1.03684e-08,-1,6.91633e-07,-0,-1,-0,-0,-1,-0,1.03767e-08,-1,6.91621e-07,-1.03685e-08,-1,6.91633e-07,-1.29157e-07,-1,1.31132e-06,1.24763e-07,-1,6.80353e-07,-0.881918,0,0.471402,-0.0980169,0,-0.995185,-0.773015,0,0.634388,-0.29028,0,-0.956942,-0.634382,0,0.77302,-0.471401,0,-0.881919,-0.471402,0,0.881918,-0.634395,0,-0.773009,-0.290288,0,0.956939,-0.773009,0,-0.634395,-0.0980089,0,0.995185,-0.881924,0,-0.471391,0.0980076,0,0.995186,-0.956939,0,-0.290291,0.290288,0,0.956939,-0.995185,0,-0.0980169,0.471407,0,0.881916,-0.995185,0,0.0980181,0.634388,0,0.773014,-0.956939,0,0.290287,0.773008,0,0.634396,-0.881916,0,0.471406,0.0980166,0,0.995185,0.881918,0,0.471402,-0.773014,0,0.634389,0.290291,0,0.956938,0.956943,0,0.290276,-0.634388,0,0.773015,0.471391,0,0.881924,0.995184,0,0.0980205,-0.471401,0,0.881919,0.634395,0,0.773009,0.995184,0,-0.0980218,-0.29028,0,0.956942,0.773009,0,0.634395,0.956939,0,-0.290288,-0.0980177,0,0.995185,0.881919,0,0.471401,0.881919,0,-0.471402,-0.0980218,0,-0.995184,0.956942,0,0.29028,0.773014,0,-0.634389,-0.290276,0,-0.956943,0.995185,0,0.098017,0.634396,0,-0.773008,-0.471402,0,-0.881918,0.995185,-1.85856e-08,-0.0980181,0.471392,0,-0.881924,-0.634382,0,-0.77302,0.956943,0,-0.290276,0.290276,0,-0.956943,-0.773014,0,-0.634388,0.881916,0,-0.471406,0.0980218,0,-0.995184,-0.881918,0,-0.471402,0.773014,0,-0.634389,-0.956943,0,-0.290276,0.634388,0,-0.773015,-0.995184,0,-0.0980205,0.471401,0,-0.881919,-0.995184,9.89722e-09,0.0980218,0.29028,0,-0.956942,-0.956943,0,0.290276,0.0980169,0,-0.995185],