{
    "uvs":[],
    "metadata":{
        "materials":2,
        "faces":74,
        "version":3,
        "uvs":0,
        "vertices":76,
        "type":"Geometry",
        "generator":"io_three",
        "normals":34
    },
    "vertices":[-0.58899,2.98023e-08,0.976315,-0.58899,0.377999,0.976315,-0.58899,-5.96046e-08,-1.02368,-0.58899,0.189392,-1.02368,0.589111,2.98023e-08,0.976315,0.589111,0.377999,0.976315,0.589111,-5.96046e-08,-1.02368,0.589111,0.189392,-1.02368,-0.58899,0.00228569,-0.480392,-0.58899,0.828146,-0.480392,0.589111,0.00228569,-0.480392,0.589111,0.828146,-0.480392,-0.58899,2.98023e-08,0.36576,0.589111,0.828146,0.36576,-0.58899,0.828146,0.36576,0.589111,2.98023e-08,0.36576,-0.58899,0.828146,-0.0628699,-0.58899,0.828146,-0.256697,0.589111,0.00228572,-0.0628699,0.589111,0.00228572,-0.256697,-0.58899,0.00228572,-0.256697,-0.58899,0.00228572,-0.0628699,0.589111,0.828146,-0.256697,0.589111,0.828146,-0.0628699,0.187106,-5.96046e-08,-1.02368,-0.205594,-5.96046e-08,-1.02368,-0.205594,0.189392,-1.02368,0.187106,0.189392,-1.02368,-0.205594,2.98023e-08,0.976315,0.187106,2.98023e-08,0.976315,0.187106,0.377999,0.976315,-0.205594,0.377999,0.976315,-0.205594,0.828146,-0.480392,0.187106,0.828146,-0.480392,0.187106,0.00228569,-0.480392,-0.205594,0.00228569,-0.480392,-0.205594,0.828146,0.36576,0.187106,0.828146,0.36576,0.187106,2.98023e-08,0.36576,-0.205594,2.98023e-08,0.36576,0.187106,0.00228572,-0.256697,-0.205594,0.00228572,-0.256697,0.187106,0.00228572,-0.0628699,-0.205594,0.00228572,-0.0628699,-0.205594,0.828146,-0.256697,0.187106,0.828146,-0.256697,-0.205594,0.828146,-0.0628699,0.187106,0.828146,-0.0628699,-0.205594,0.964326,-0.256697,0.187106,0.964326,-0.256697,-0.205594,0.964326,-0.06287,0.187106,0.964326,-0.06287,-0.00924338,-5.96046e-08,-1.02368,-0.00924338,0.189392,-1.02368,-0.00924338,2.98023e-08,0.976315,-0.00924338,0.377999,0.976315,-0.00924338,0.828146,-0.480392,-0.00924338,0.00228569,-0.480392,-0.00924338,0.828146,0.36576,-0.00924338,2.98023e-08,0.36576,-0.00924338,0.00228572,-0.256697,-0.00924338,0.00228572,-0.0628699,-0.00924338,0.828146,-0.256697,-0.00924338,0.828146,-0.0628699,-0.00924338,0.964326,-0.256697,-0.00924338,0.964326,-0.06287,-0.58899,2.98023e-08,0.671037,0.589111,0.603072,0.671037,-0.58899,0.603072,0.671037,0.589111,2.98023e-08,0.671037,0.187106,0.603072,0.671037,-0.205594,0.603072,0.671037,-0.205594,2.98023e-08,0.671037,0.187106,2.98023e-08,0.671037,-0.00924338,2.98023e-08,0.671037,-0.00924338,0.603072,0.671037],
    "normals":[-1,0,0,-0,0,-1,1,0,0,0,0,1,0,-1,-0,0,0.80489,0.593424,0,0.647892,-0.761732,0,-0.999991,0.00420717,-1,0,0,0,1,0,0,-0.999986,-0.00533247,0,-1,1.33227e-07,0,-1,-0,0,1,-2.66455e-07,-1,-0,0,0,1,-2.66455e-07,0,-1,1.33227e-07,0,-0.999986,-0.00533247,0,1,0,0,-0.999991,0.00420717,0,0.647892,-0.761732,0,0.647892,-0.761732,0,0.80489,0.593424,0,-1,0,-0,0,1,-0,0,1,0,5.4711e-08,1,0,-0,-1,0,-0.999991,0.00420717,0,-0.999986,-0.00533247,0,0.804889,0.593425,0,0.804889,0.593425,0,0.804889,0.593425,1,0,0],
    "faces":[35,8,9,3,2,0,0,0,0,0,35,24,27,7,6,0,1,1,1,1,35,69,67,5,4,0,2,2,2,2,35,1,0,28,31,0,3,3,3,3,35,73,69,4,29,0,4,4,4,4,35,71,68,1,31,0,5,5,5,5,35,26,3,9,32,0,6,6,6,6,35,24,6,10,34,0,7,7,7,7,35,6,7,11,10,0,2,2,2,2,35,20,17,9,8,0,0,0,0,0,35,66,68,14,12,0,8,8,8,8,35,46,16,14,36,0,9,9,9,9,35,42,18,15,38,0,10,10,10,10,35,18,23,13,15,0,2,2,2,2,35,10,11,22,19,0,2,2,2,2,35,19,22,23,18,0,2,2,2,2,35,34,10,19,40,0,11,11,11,11,35,40,19,18,42,0,12,12,12,12,35,32,9,17,44,0,13,13,13,13,35,44,17,16,46,0,9,9,9,9,35,12,14,16,21,0,0,0,0,0,35,21,16,17,20,0,0,0,0,0,35,22,45,47,23,0,9,9,9,9,35,44,46,50,48,0,14,14,14,14,35,11,33,45,22,0,13,13,13,13,35,56,32,44,62,0,15,15,15,15,35,20,41,43,21,0,12,12,12,12,35,60,40,42,61,0,4,4,4,4,35,8,35,41,20,0,11,11,11,11,35,57,34,40,60,0,16,16,16,16,35,21,43,39,12,0,17,17,17,17,35,61,42,38,59,0,17,17,17,17,35,23,47,37,13,0,9,9,9,9,35,63,46,36,58,0,18,18,18,18,35,2,25,35,8,0,19,19,19,19,35,52,24,34,57,0,19,19,19,19,35,7,27,33,11,0,20,20,20,20,35,53,26,32,56,0,21,21,21,21,35,67,70,30,5,0,22,22,22,22,35,75,71,31,55,0,22,22,22,22,35,28,0,66,72,0,23,23,23,23,35,74,73,29,54,0,4,4,4,4,35,4,5,30,29,0,24,24,24,24,35,54,55,31,28,0,25,25,25,25,35,2,3,26,25,0,1,1,1,1,35,52,53,27,24,0,1,1,1,1,35,64,48,50,65,0,9,9,9,9,35,63,47,51,65,1,26,26,26,26,35,62,44,48,64,1,27,27,27,27,35,47,45,49,51,0,2,2,2,2,35,45,62,64,49,1,27,27,27,27,35,46,63,65,50,1,26,26,26,26,35,49,64,65,51,0,9,9,9,9,35,25,26,53,52,0,1,1,1,1,35,29,30,55,54,0,24,24,24,24,35,72,74,54,28,0,4,4,4,4,35,70,75,55,30,0,5,5,5,5,35,27,53,56,33,0,21,21,21,21,35,25,52,57,35,0,28,28,28,28,35,47,63,58,37,0,9,9,9,9,35,43,61,59,39,0,29,29,29,29,35,35,57,60,41,0,16,16,16,16,35,41,60,61,43,0,12,12,12,12,35,33,56,62,45,0,15,15,15,15,35,37,58,75,70,0,30,30,30,30,35,39,59,74,72,0,4,4,4,4,35,59,38,73,74,0,12,12,12,12,35,12,39,72,66,0,12,12,12,12,35,58,36,71,75,0,31,31,31,31,35,13,37,70,67,0,32,32,32,32,35,0,1,68,66,0,0,0,0,0,35,36,14,68,71,0,31,31,31,31,35,38,15,69,73,0,4,4,4,4,35,15,13,67,69,0,33,33,33,33],
    "materials":[{
        "wireframe":false,
        "shading":"phong",
        "opacity":1,
        "blending":1,
        "DbgColor":15658734,
        "visible":true,
        "transparent":false,
        "depthWrite":true,
        "doubleSided":false,
        "DbgIndex":0,
        "DbgName":"Metalish",
        "colorDiffuse":[0.140347,0.381578,0.289686],
        "colorEmissive":[0,0,0],
        "specularCoef":20,
        "depthTest":true,
        "colorSpecular":[0.111226,0.526051,0.891304]
    },{
        "wireframe":false,
        "shading":"phong",
        "opacity":1,
        "blending":1,
        "DbgColor":15597568,
        "visible":true,
        "transparent":false,
        "depthWrite":true,
        "doubleSided":false,
        "DbgIndex":1,
        "DbgName":"Taxi_sign1",
        "colorDiffuse":[0.64,0.594388,0],
        "colorEmissive":[0.448,0.416072,0],
        "specularCoef":50,
        "depthTest":true,
        "colorSpecular":[0.5,0.5,0.5]
    }]
}