{
    "uvs":[],
    "metadata":{
        "materials":3,
        "faces":40,
        "version":3,
        "uvs":0,
        "vertices":36,
        "type":"Geometry",
        "generator":"io_three",
        "normals":37
    },
    "vertices":[0.0018778,0.702598,-0.325772,0.0018778,0.702597,0.429035,0.280208,0.531592,-0.325772,0.280208,0.531591,0.429035,0.280208,0.18958,-0.325772,0.280208,0.18958,0.429035,0.0018778,0.0185737,-0.325772,0.0018778,0.0185736,0.429035,-0.276452,0.18958,-0.325772,-0.276452,0.18958,0.429035,-0.276452,0.531592,-0.325772,-0.276452,0.531591,0.429035,-0.469507,-0.0581022,1.00482,-0.469507,0.251241,1.00482,-0.469507,-0.00810233,-0.888729,-0.469507,0.240949,-0.888729,0.467527,-0.0581022,1.00482,0.467527,0.251241,1.00482,0.467527,-0.00810233,-0.888729,0.467527,0.240949,-0.888729,-0.467172,-0.031197,-0.312991,-0.469507,0.753304,-0.312728,0.469863,-0.031197,-0.312991,0.467527,0.753304,-0.312728,-0.469507,-0.0581023,0.428816,0.467527,0.753304,0.428816,-0.469507,0.753304,0.428816,0.467527,-0.0581023,0.428816,0.000805086,0.753304,-0.312728,0.0328283,-0.031197,-0.312991,-0.000989734,0.753304,0.428816,-0.000989734,-0.0581023,0.428816,0.469083,-0.023489,-0.505148,0.467527,0.750814,-0.505148,-0.469507,0.750814,-0.505148,-0.467952,-0.023489,-0.505148],
    "normals":[0.523489,0.852033,9.8205e-08,1,-0,0,0.523489,-0.852033,-9.8205e-08,-0.523489,-0.852033,-5.28796e-08,-0.000318927,-0.00139287,-0.999999,-1,-0,0,-0.523489,0.852033,6.79881e-08,-0.999995,-0.00249564,0.00199237,-0,0,-1,1,0,0,0,3.85362e-07,1,0,-1,1.0348e-07,-0,0.753831,0.657068,0,0.753831,0.657068,1.12158e-07,0.601185,-0.79911,0,-0.999196,-0.0400809,0.999994,0.0015197,-0.00300674,-1,0,0,0.000316287,-0.00138134,-0.999999,0.018745,-0.082063,0.996451,0.0671377,-9.37592e-05,0.997744,-0.0189299,-0.0824753,0.996413,-0.0683424,-0.000374563,0.997662,-0.0188387,0.0788076,0.996712,0.018307,0.0833239,0.996354,-0.0011697,-5.16757e-08,-0.999999,0.00113495,-5.16764e-08,-0.999999,0.000271721,0.00118671,-0.999999,-0.000273667,0.00119521,-0.999999,0.999995,0.00249633,-0.0019953,-2.48656e-07,0.999916,-0.0129418,0,0.999916,-0.012943,0,0.999916,-0.012943,-0.999994,-0.00151973,0.0030068,-0,-0.999196,-0.0400811,0,-0.999196,-0.0400811,0,-0.999196,-0.0400811],
    "faces":[35,0,1,3,2,1,0,0,0,0,35,2,3,5,4,1,1,1,1,1,35,4,5,7,6,1,2,2,2,2,35,6,7,9,8,1,3,3,3,3,35,3,1,30,25,2,4,4,4,4,35,8,9,11,10,1,5,5,5,5,35,1,0,10,11,1,6,6,6,6,35,20,21,34,35,0,7,7,7,7,35,14,15,19,18,0,8,8,8,8,35,27,25,17,16,0,9,9,9,9,35,16,17,13,12,0,10,10,10,10,34,12,24,31,0,11,11,11,34,31,27,16,0,11,11,11,34,31,16,12,0,11,11,11,34,17,25,30,0,12,12,12,34,30,26,13,0,12,12,12,34,30,13,17,0,13,13,13,35,19,15,34,33,0,14,14,14,14,35,14,18,32,35,0,15,15,15,15,35,18,19,33,32,0,16,16,16,16,35,12,13,26,24,0,17,17,17,17,35,1,11,26,30,2,18,18,18,18,35,0,28,21,10,0,19,19,19,19,35,20,8,10,21,0,20,20,20,20,35,28,0,2,23,0,21,21,21,21,35,23,2,4,22,0,22,22,22,22,35,22,4,6,29,0,23,23,23,23,35,29,6,8,20,0,24,24,24,24,35,5,3,25,27,2,25,25,25,25,35,9,24,26,11,2,26,26,26,26,35,9,7,31,24,2,27,27,27,27,35,7,5,27,31,2,28,28,28,28,35,32,33,23,22,0,29,29,29,29,34,23,33,34,0,30,30,30,34,34,21,28,0,31,31,31,34,34,28,23,0,32,32,32,35,35,34,15,14,0,33,33,33,33,34,20,35,32,0,34,34,34,34,32,22,29,0,35,35,35,34,32,29,20,0,36,36,36],
    "materials":[{
        "wireframe":false,
        "shading":"phong",
        "opacity":1,
        "blending":1,
        "DbgColor":15658734,
        "visible":true,
        "transparent":false,
        "depthWrite":true,
        "doubleSided":false,
        "DbgIndex":0,
        "DbgName":"Metalish",
        "colorDiffuse":[0.140347,0.381578,0.289686],
        "colorEmissive":[0,0,0],
        "specularCoef":20,
        "depthTest":true,
        "colorSpecular":[0.111226,0.526051,0.891304]
    },{
        "wireframe":false,
        "shading":"phong",
        "opacity":1,
        "blending":1,
        "DbgColor":15597568,
        "visible":true,
        "transparent":false,
        "depthWrite":true,
        "doubleSided":false,
        "DbgIndex":1,
        "DbgName":"Glow Green bright",
        "colorDiffuse":[0.347543,0.64,0.292613],
        "colorEmissive":[0.521314,0.96,0.43892],
        "specularCoef":50,
        "depthTest":true,
        "colorSpecular":[0.506211,0.506211,0.506211]
    },{
        "wireframe":false,
        "shading":"phong",
        "opacity":1,
        "blending":1,
        "DbgColor":60928,
        "visible":true,
        "transparent":false,
        "depthWrite":true,
        "doubleSided":false,
        "DbgIndex":2,
        "DbgName":"Metalish dark",
        "colorDiffuse":[0.0352114,0.0885433,0.0684821],
        "colorEmissive":[0,0,0],
        "specularCoef":20,
        "depthTest":true,
        "colorSpecular":[0.111226,0.526051,0.891304]
    }]
}