{
    "uvs":[],
    "metadata":{
        "materials":1,
        "faces":95,
        "version":3,
        "uvs":0,
        "vertices":84,
        "type":"Geometry",
        "generator":"io_three",
        "normals":62
    },
    "vertices":[-2.83574,0,1.785,-2.83574,4.81786,1.785,-2.83574,0,-1.10571,-2.83574,4.81786,-1.10571,1.98212,0,1.785,1.98212,4.81786,1.785,1.98212,0,-1.10571,1.98212,4.81786,-1.10571,1.98212,2.79247,1.785,1.98212,2.79247,-1.10571,-2.83574,2.79247,-1.10571,-2.83574,2.79247,1.785,1.07274,0,-1.10571,-1.80414,0,-1.10571,-1.80414,4.81786,-1.10571,1.07274,4.81786,-1.10571,-1.80414,0,1.785,1.07274,0,1.785,1.07274,4.81786,1.785,-1.80414,4.81786,1.785,-1.80414,2.79247,-1.10571,1.07274,2.79247,-1.10571,1.07274,2.79247,1.785,-1.80414,2.79247,1.785,-1.80414,0,2.20089,1.07274,0,2.20089,1.07274,2.79247,2.20089,-1.80414,2.79247,2.20089,-2.4025,-0.00632095,2.20089,1.6711,-0.00632095,2.20089,1.6711,3.37328,2.20089,-2.4025,3.37328,2.20089,-1.8195,0.142385,4.09462,1.08809,0.142385,4.09462,1.08809,2.79028,4.09462,-1.8195,2.79028,4.09462,-2.4025,-0.00632071,4.09462,1.6711,-0.00632071,4.09462,1.6711,3.37328,4.09462,-2.4025,3.37328,4.09462,-1.8195,-0.00632071,4.09462,1.08809,-0.00632071,4.09462,2.49675,7.12633,2.4657,2.49675,0.00187254,2.4657,2.49675,0.00187254,0.83306,2.49675,7.12633,0.833059,2.80689,0.00187254,0.295883,2.80689,7.12633,0.295882,3.42717,0.00187254,0.295883,3.42717,7.12633,0.295882,3.73731,0.00187254,0.83306,3.73731,7.12633,0.833059,3.42717,0.00187254,1.37024,3.42717,7.12633,1.37024,2.80689,0.00187254,1.37024,2.80689,7.12633,1.37024,2.80689,0.00187254,1.92852,2.80689,7.12633,1.92852,3.42717,0.00187254,1.92852,3.42717,7.12633,1.92852,3.73731,0.00187254,2.4657,3.73731,7.12633,2.4657,3.42717,0.00187278,3.00288,3.42717,7.12633,3.00288,2.80689,0.00187278,3.00288,2.80689,7.12633,3.00288,-0.146379,0.149896,-6.27585,-0.146379,4.00765,-5.12929,1.86691,0.149896,-5.11348,0.873965,4.00765,-4.5402,1.86691,0.149896,-2.78872,0.873965,4.00765,-3.36201,-0.146379,0.149896,-1.62635,-0.146379,4.00765,-2.77291,-2.15967,0.149896,-2.78872,-1.16672,4.00765,-3.36201,-2.15967,0.149896,-5.11348,-1.16672,4.00765,-4.5402,0.873965,4.65234,-4.5402,-0.146379,4.65234,-5.12929,0.873965,4.65234,-3.36201,-0.146379,4.65234,-2.77291,-1.16672,4.65234,-3.36201,-1.16672,4.65234,-4.5402],
    "normals":[-1,0,0,0,-5.88575e-08,-1,1,0,0,0,5.88575e-08,1,0,-1,-0,0,-4.26895e-08,-1,1,0,0,0,4.26895e-08,1,0,1,-0,-1,0,0,0,-1,0,0,5.88575e-08,1,0,5.88575e-08,1,0,-5.88575e-08,-1,0,-5.88575e-08,-1,0,0,-1,-1,0,-0,0,1,-5.73281e-07,0,-0,-1,-0,0,-1,0,0,0,-0,0,1,0,-0,1,0,-1,1.25899e-07,0,-1,1.25899e-07,0,1,-1.25899e-07,0,0,1,0,-0,1,-0,1,0,0,1,0,-0.866025,-2.36036e-08,-0.500001,0.484218,0.249266,-0.838689,0.866026,1.68598e-08,0.499999,0,-4.1831e-08,-1,3.84372e-07,-1,2.21918e-07,-0,-1,0,0,-1,4.43836e-07,-1.28125e-07,-1,2.21918e-07,0.866026,-2.19177e-08,-0.499999,0.866026,-2.52897e-08,-0.499999,-0.866025,1.68598e-08,0.500001,0,-5.01972e-08,-1,0.866026,2.52897e-08,0.499999,-0.866024,-2.02317e-08,-0.500002,0,5.01972e-08,1,0,3.34648e-08,1,-0.866025,2.36036e-08,0.500001,0,-1,-0,0.968435,0.249266,-3.41722e-08,0.484218,0.249266,0.838689,-0.484217,0.249266,0.838689,-1.18422e-07,-1,-0,1.18422e-07,-1,0,0,-1,6.8371e-08,-0.968435,0.249266,-3.41722e-08,-0.484217,0.249266,-0.838689,0.500001,0,0.866025,0,1,0,-0.5,0,-0.866025,-0.5,0,0.866025,-1,-0,0,0.500001,0,-0.866025],
    "faces":[35,11,1,3,10,0,0,0,0,0,35,21,15,7,9,0,1,1,1,1,35,9,7,5,8,0,2,2,2,2,35,23,19,1,11,0,3,3,3,3,35,12,6,4,17,0,4,4,4,4,35,12,21,9,6,0,5,5,5,5,35,6,9,8,4,0,6,6,6,6,35,11,0,16,23,0,7,7,7,7,35,18,5,7,15,0,8,8,8,8,35,0,11,10,2,0,9,9,9,9,35,1,19,14,3,0,8,8,8,8,35,19,18,15,14,0,8,8,8,8,35,4,8,22,17,0,7,7,7,7,35,16,17,25,24,0,4,4,4,4,35,2,10,20,13,0,5,5,5,5,35,13,20,21,12,0,5,5,5,5,35,16,0,2,13,0,10,10,10,10,35,13,12,17,16,0,4,4,4,4,35,8,5,18,22,0,11,11,11,11,35,22,18,19,23,0,12,12,12,12,35,10,3,14,20,0,13,13,13,13,35,20,14,15,21,0,14,14,14,14,35,27,24,28,31,0,15,15,15,15,35,17,22,26,25,0,6,6,6,6,35,23,16,24,27,0,16,16,16,16,35,22,23,27,26,0,17,17,17,17,35,29,30,38,37,0,6,6,6,6,35,26,27,31,30,0,18,18,18,18,35,25,26,30,29,0,19,19,19,19,35,24,25,29,28,0,15,15,15,15,34,40,32,35,0,20,20,20,34,35,39,36,0,21,21,21,34,35,36,40,0,22,22,22,34,36,28,29,0,23,23,23,34,29,37,41,0,24,24,24,34,40,36,29,0,24,24,24,34,29,41,40,0,23,23,23,35,31,28,36,39,0,16,16,16,16,35,30,31,39,38,0,25,25,25,25,35,35,34,38,39,0,26,26,26,26,34,34,33,41,0,20,20,20,34,41,37,38,0,26,26,26,34,41,38,34,0,21,21,21,34,41,33,34,0,20,20,20,34,34,35,32,0,26,26,26,34,32,40,41,0,27,27,27,34,34,32,41,0,22,22,22,34,59,57,42,0,28,28,28,34,42,65,63,0,29,29,29,34,63,61,59,0,8,8,8,34,42,63,59,0,8,8,8,35,44,45,47,46,0,30,30,30,30,35,66,67,69,68,0,31,31,31,31,35,60,61,63,62,0,32,32,32,32,35,46,47,49,48,0,33,33,33,33,34,64,43,56,0,34,34,34,34,56,58,60,0,35,35,35,34,60,62,64,0,36,36,36,34,56,60,64,0,37,37,37,35,58,59,61,60,0,38,38,38,38,35,48,49,51,50,0,39,39,39,39,35,64,65,42,43,0,40,40,40,40,35,56,57,59,58,0,41,41,41,41,35,50,51,53,52,0,42,42,42,42,34,49,47,45,0,28,28,28,34,45,55,53,0,29,29,29,34,53,51,49,0,8,8,8,34,45,53,49,0,8,8,8,35,43,42,57,56,0,43,43,43,43,35,52,53,55,54,0,44,44,44,44,35,62,63,65,64,0,45,45,45,45,35,54,55,45,44,0,46,46,46,46,34,54,44,46,0,10,10,10,34,46,48,50,0,35,35,35,34,50,52,54,0,10,10,10,34,46,50,54,0,47,47,47,35,68,69,71,70,0,48,48,48,48,35,70,71,73,72,0,49,49,49,49,35,72,73,75,74,0,50,50,50,50,34,76,66,68,0,35,35,35,34,68,70,72,0,51,51,51,34,72,74,76,0,52,52,52,34,68,72,76,0,53,53,53,35,74,75,77,76,0,54,54,54,54,35,76,77,67,66,0,55,55,55,55,35,73,71,80,81,0,56,56,56,56,34,80,78,79,0,57,57,57,34,79,83,82,0,29,29,29,34,82,81,80,0,29,29,29,34,79,82,80,0,29,29,29,35,67,77,83,79,0,58,58,58,58,35,75,73,81,82,0,59,59,59,59,35,71,69,78,80,0,6,6,6,6,35,77,75,82,83,0,60,60,60,60,35,69,67,79,78,0,61,61,61,61],
    "materials":[{
        "wireframe":false,
        "shading":"lambert",
        "opacity":1,
        "blending":1,
        "DbgColor":15658734,
        "visible":true,
        "transparent":false,
        "depthWrite":true,
        "doubleSided":false,
        "DbgIndex":0,
        "DbgName":"Bricks pale",
        "colorDiffuse":[0.558537,0.248484,0.158712],
        "colorEmissive":[0,0,0],
        "depthTest":true
    }]
}