{
    "uvs":[],
    "metadata":{
        "materials":5,
        "faces":130,
        "version":3,
        "uvs":0,
        "vertices":122,
        "type":"Geometry",
        "generator":"io_three",
        "normals":130
    },
    "vertices":[-1.82784,0.166399,2.0187,-1.81269,0.334147,1.89039,-2.15165,0.171372,1.68921,-1.74355,0.242978,1.63538,-1.40641,0.425387,0.954546,-1.35012,0.523577,0.41133,-1.31033,0.5893,0.0477339,-2.02403,1.0985,1.88243,-1.73947,1.09989,1.89312,-2.96633,0.962141,1.07659,-3.21083,1.32186,1.05308,-2.95752,0.970235,0.623192,-3.25864,1.47014,0.657623,-2.04747,1.02881,1.71224,-2.49002,1.16903,1.29159,-2.56501,0.907183,1.13729,-2.73647,1.24203,1.09434,-0.676809,1.02237,1.45121,-1.77198,1.14124,1.27232,-1.74845,0.911852,1.00444,-1.71906,1.22589,0.946787,-2.63691,0.865206,0.63589,-2.81165,1.28023,0.548013,-1.72768,0.869153,0.658532,-1.65477,1.39776,0.597497,-1.27863,0.856105,-0.0650725,-1.07604,0.274034,1.89313,-0.88257,0.0209211,1.34902,-0.890361,0.243002,1.57719,-0.847702,0.0422045,0.875905,-0.651303,0.512946,0.874041,-0.484229,0.0118894,1.5916,-0.569046,0.291851,1.61944,-0.592823,0.0257341,0.858937,-0.498433,0.302533,0.956542,-1.00074,0.451257,0.41133,-0.971099,0.579745,0.0044018,-0.322338,0.585283,0.41133,-0.27975,0.674603,0.00972425,-0.0599694,0.0011729,1.49973,-0.540113,0.206294,1.09825,-0.0442118,0.0224342,0.749058,0.202489,0.205823,0.755596,0.2729,0.357298,0.185904,0.46565,0.58841,-0.0598862,0.55796,0.378491,0.234818,0.759573,0.611933,-0.0139359,1.20396,0.504344,0.154487,1.60175,0.534279,0.00244025,-0.904601,1.09983,1.89313,-0.868397,1.02816,1.50679,-0.857571,1.16212,1.39833,-1.07845,0.966302,0.957114,-1.04451,1.27542,0.942644,-0.560531,0.866046,1.58844,-0.410302,1.20531,1.30672,-0.41216,0.646024,0.965395,-0.349589,1.23028,0.975352,-0.807993,0.984474,0.420915,-0.5308,0.964671,-0.075791,-0.328465,1.6175,-0.212774,-0.244214,0.873399,0.298712,-0.0648946,1.38301,0.284222,-0.17002,0.964238,-0.0715365,0.0296925,1.47908,-0.141226,0.672978,1.03276,1.4264,0.929484,1.20683,1.3044,0.59883,0.984046,0.695391,0.919983,1.20932,0.813155,0.610009,0.956739,0.265308,0.610242,1.29008,0.305062,0.647843,1.05185,-0.0733851,0.628832,1.28201,-0.00065677,1.14221,0.990536,0.290843,1.37396,1.26094,0.347962,1.19833,0.950134,-0.0995972,1.6299,1.22325,0.112757,2.32505,1.28896,0.152843,2.36079,1.32378,0.162351,1.77924,0.730175,-0.00345054,2.51559,1.32101,-0.278147,-0.180757,0.386213,-0.772399,-0.535291,0.370807,-1.09191,0.225047,0.66768,-0.636788,-0.00361883,0.302129,-1.06251,0.704233,0.585139,-0.533663,0.443136,0.268444,-1.07239,-0.0676436,0.0143955,-1.74067,0.0729502,0.108076,-1.64587,0.0188902,0.0182372,-2.43326,0.0796162,0.192854,-2.40392,0.326331,-0.00171256,-1.64342,0.35784,0.173778,-1.65746,0.225031,-1.78814e-07,-2.42751,0.2905,0.0939643,-2.22239,1.36168,0.511157,-0.550604,-0.65827,0.957969,-0.52445,-0.509274,1.66542,-0.515311,-0.0564552,0.967804,-0.59461,0.0952739,1.43466,-0.535775,-0.257602,0.964052,-1.12324,-0.21906,1.24414,-1.17996,-0.382282,0.953118,-1.716,-0.403428,1.24262,-1.63946,0.424593,0.97387,-0.582119,0.820491,1.22055,-0.602818,0.417988,0.96896,-1.01896,0.661101,1.3266,-1.07397,1.02635,0.833399,-0.626168,1.62626,1.31867,-0.529573,1.20948,0.962501,-1.02487,1.77863,1.36322,-1.09477,0.617261,0.973951,-1.67613,0.782255,1.41013,-1.63164,0.704697,0.969728,-2.35187,1.11558,0.913625,-1.68564,2.15175,1.5485,-1.44709,1.00585,0.890249,-2.2647,1.75927,0.812876,-0.645269,2.58872,1.39233,-0.466411,1.68468,0.766409,-1.03709,2.44859,1.38435,-1.15332],
    "normals":[0.466796,-0.881312,-0.0734163,-0.688022,-0.211934,0.694054,0.053066,0.959017,0.278337,0.0308289,-0.983976,0.175613,0.050401,0.961196,0.271222,0.0433631,-0.151165,-0.987557,-0.111293,0.0284021,0.993382,-0.180622,-0.150718,-0.971936,-0.84313,-0.534385,-0.0597032,0.989205,-0.105817,0.101369,0.0112748,-0.995047,0.0987602,-0.0350554,0.972886,0.228611,-0.220859,-0.974066,0.0491615,0.288018,0.945857,0.149667,-0.0427137,0.952478,-0.301599,-0.941856,0.303503,-0.144196,-0.300592,-0.4767,0.826076,0.187068,0.0528637,-0.980924,-0.0295795,-0.999189,-0.027301,0.160781,-0.95653,-0.243312,0.551289,0.734159,0.396348,0.524189,0.810891,0.260156,-0.198944,0.354242,-0.913747,-0.0190594,-0.999566,-0.0224638,0.665418,0.511867,0.543334,-0.300979,-0.806644,-0.508662,-0.0696907,-0.976849,-0.202261,-0.345479,-0.846094,-0.405917,0.00371525,-0.838247,-0.545278,0.106528,0.610713,0.784653,0.0279338,-0.00806639,-0.999577,0.0105135,0.985148,0.171386,-0.934319,0.335884,-0.119286,-0.0653723,0.195696,0.978483,0.135644,0.981462,0.135397,0.568608,-0.822572,-0.0078061,-0.0517266,-0.138808,0.988968,0.0949759,0.430557,-0.897553,-0.0624424,-0.994619,-0.0826692,0.0546612,0.996901,-0.056572,0.0103751,0.613066,0.789963,-0.213754,0.2503,-0.944277,0.251679,-0.946568,0.201659,0.00958429,0.999377,0.0339625,0.00801272,-0.0316624,0.999466,0.201637,0.968252,0.147755,0.340167,0.889349,0.305523,-0.195524,0.969921,0.144997,0.659554,-0.712792,0.23857,0.197108,-0.370837,0.907539,-0.125976,0.982748,-0.135415,-0.158881,-0.766179,0.622678,-0.796601,0.604337,-0.0142609,0.95703,-0.270713,-0.103965,-0.106007,-0.222962,0.969046,0.467927,0.446128,-0.762899,-0.0565919,-0.998392,-0.00318922,0.146587,-0.92257,0.356898,0.0494505,-0.9697,0.239241,-0.904493,0.229382,0.359551,-0.0613486,0.0733303,-0.995419,-0.0228584,-0.0722924,0.997121,-0.0730623,0.986889,0.143917,0.0852423,0.164106,-0.982753,0.174538,0.984339,-0.0247513,0.0838928,0.990315,-0.110628,0.0074739,0.163064,-0.986587,-0.959354,0.0195002,0.281532,0.539136,-0.841479,0.0352924,-0.0838584,0.96711,0.240136,0.0148792,-0.999873,0.00564181,-0.124414,0.988372,0.0874153,0.600857,-0.795398,-0.0794549,-0.074289,-0.0843475,-0.993663,-0.178244,-0.975824,-0.126476,-0.0580249,0.997906,0.0285826,0.0259761,-0.953339,-0.300783,-0.129917,-0.958618,-0.253325,0.0109117,-0.999163,-0.0394355,-0.0301943,-0.980081,0.19629,-0.245076,0.0493241,0.968248,-0.0293619,-0.111973,-0.993277,-0.0623227,0.964882,0.255182,-0.149006,0.982113,-0.115118,-0.117719,0.990824,-0.0664142,0.0058888,0.985479,-0.169696,-0.0705904,-0.997093,-0.0286625,-0.100302,-0.992217,0.0737888,-0.886953,0.264656,0.378512,0.00997866,-0.999945,0.00308454,0.360054,0.931318,-0.0548473,0.780327,-0.62286,0.0559914,-0.605401,0.792235,0.0765059,0.184616,0.950674,-0.249272,0.0712584,-0.995389,0.0642096,0.297663,0.954355,-0.0245594,0.590659,-0.799322,-0.110483,-0.056839,0.979763,0.191924,0.315652,0.0971042,0.943893,-0.726064,0.469011,0.502852,-0.175237,0.0284687,-0.984115,-0.834648,-0.384934,-0.393939,-0.770517,-0.628543,-0.106006,-0.820795,-0.00605395,0.571191,0.978469,-0.0966652,0.182359,-0.179262,0.0771739,0.98077,0.0318706,-0.257158,-0.965844,0.890956,-0.441808,0.104901,-0.680424,0.730854,-0.0536297,-0.0110267,0.131162,0.9913,0.882539,-0.470042,0.0136459,0.274214,-0.0740848,0.958811,-0.0453026,-0.107412,-0.993182,0.413638,-0.542202,0.731383,0.944505,-0.0997175,0.312995,0.170945,-0.245877,0.954108,-0.819287,0.214022,0.531943,0.653777,-0.750595,0.0958287,-0.814363,0.579981,-0.0208629,0.719773,-0.692482,-0.0489439,0.359045,-0.300462,-0.883634,-0.815872,0.516422,-0.260119,0.685256,-0.728154,-0.0146675,-0.0904172,-0.221269,0.971012,0.107314,-0.0499308,-0.992971,-0.0433233,-0.270599,-0.961717,-0.843086,0.398881,0.360695,0.626718,-0.759511,-0.174264,-0.00180448,-0.00143485,0.999997,-0.0234566,-0.26821,-0.963075],