{
    "uvs":[],
    "metadata":{
        "materials":3,
        "faces":102,
        "version":3,
        "uvs":0,
        "vertices":103,
        "type":"Geometry",
        "generator":"io_three",
        "normals":102
    },
    "vertices":[0.529005,0.625073,1.76313,0.958187,0.54727,1.5907,1.38189,0.635381,1.29668,1.70166,0.603117,0.885479,0.529005,0.663836,1.76313,0.957241,0.777647,1.62754,1.3293,0.925804,1.21387,1.42334,1.32176,0.908991,1.55283,0.90643,0.7557,1.48905,1.32176,0.845543,-0.791494,0.61365,1.3982,0.20623,0.596577,1.52514,-0.403041,0.537992,1.23716,-0.947289,0.580959,1.30673,-0.776733,0.437791,0.888206,-1.02437,0.529797,0.263942,0.638009,0.440136,1.28595,0.17428,0.374377,0.8218,1.03288,5.96046e-08,0.421826,0.979486,0.460246,0.770749,0.952316,5.96046e-08,0.338401,0.62429,0.434044,0.337959,-0.251721,5.96046e-08,0.0147215,-0.302246,0.169898,0.268611,-0.391144,5.96046e-08,-0.129655,-0.674154,0.335546,-0.10127,-0.118644,5.96046e-08,-0.113789,0.134519,0.381047,-0.0439944,-0.258067,5.96046e-08,-0.258166,-0.291259,0.372315,-0.519155,-1.10882,0.542603,-0.636335,-1.52867,0.587144,-0.915213,-0.796402,0.470691,-1.08097,-1.04759,0.493839,-1.36737,1.04349,0.0172632,0.411581,1.30964,0.519813,0.456309,0.962925,0.0172632,0.328156,1.00136,0.359103,0.11269,-0.005297,0.54839,-1.14587,-0.3018,0.503646,-1.38506,-0.788652,0.482177,-1.63619,-0.704139,0.73997,1.4686,0.13245,0.646939,1.56339,-0.435824,0.764396,1.26419,-0.947289,0.788159,1.30673,-0.761225,0.812701,0.921979,-1.06347,0.65153,0.196143,0.583543,0.745253,1.27813,0.17428,0.748214,0.8218,1.03284,0.889401,0.809934,1.34867,1.32176,0.831665,0.607513,0.724185,0.409399,-0.414805,0.94277,0.298244,-0.476835,1.3144,0.0739879,-0.789234,0.860126,-0.0339404,-0.498991,1.3144,0.0510453,0.035702,0.904952,-0.140074,-0.126253,1.32551,-0.264745,-0.270076,0.920506,-0.526347,-0.233215,1.32551,-0.375507,-1.12671,0.685896,-0.564503,-1.52867,0.706931,-0.915213,-0.796402,0.737235,-1.08097,-1.07606,0.719933,-1.45854,1.43278,0.840344,0.526878,1.41437,1.32176,0.768216,1.08383,0.698023,0.256427,0.171957,1.09907,-0.561752,0.171957,1.32979,-0.561752,0.00263069,0.909023,-0.987451,0.0158416,1.32979,-0.723415,-0.30289,0.805066,-1.44925,-0.775236,0.800487,-1.84699,1.7473,0.568644,0.945599,1.3172,0.475876,0.463894,0.939427,0.281261,0.0533181,1.05932,0.734809,0.235067,1.42426,0.883647,0.517895,1.56602,0.958066,0.771205,0.116318,0.343367,-0.0637898,-0.00334811,0.952285,-0.170245,0.649647,0.401077,0.357337,0.635373,0.75173,0.436809,0.6289,0.576926,-1.44085,0.186091,0.442199,-1.77146,0.6289,0.814158,-1.44085,0.0867701,0.920549,-1.79688,-0.774351,0.821114,-0.0371813,-1.15264,0.720434,-0.585802,-1.05456,0.502888,0.298905,-1.09367,0.680023,0.219402,-1.13315,0.516146,-0.683241,-0.677175,0.290771,-0.102145,0.601713,0.602177,-1.45822,0.205493,0.481474,-1.75557,0.603215,0.786845,-1.46038,0.121367,0.88119,-1.77522,0.27884,0.562247,1.54897,0.148291,0.682864,1.58578,-0.843667,0.580959,1.41404,-0.404129,0.496304,1.22713,-0.726227,0.779161,1.49378,-0.433357,0.803872,1.27755],
    "normals":[0.846435,0.137137,0.51453,-0.632203,-0.510333,0.582992,0.108646,-0.993144,0.0431346,-0.58743,-0.688737,0.424931,0.675123,-0.377232,-0.63396,0.630388,-0.550548,0.547273,-0.586267,-0.505224,-0.633277,-0,-1,0,-0.066533,-0.963705,0.258547,-0.399703,-0.911692,0.0951615,-0.11369,-0.962193,0.247506,0.234315,-0.971981,0.0186987,-0.0409382,-0.947145,0.318182,-0.154188,-0.987957,0.0129295,-0.13516,-0.977295,-0.163176,0.742113,-0.41826,-0.523761,0.0885067,-0.977208,0.192955,0.62887,-0.43283,0.645896,-0.693167,-0.528517,-0.490091,0.546926,-0.649553,-0.52816,0.0126598,-0.99971,-0.0205035,0.084402,-0.985012,-0.150423,-0.162298,0.986739,-0.00240189,-0.670336,0.299697,0.678846,0.651194,0.429449,0.625716,-0.70457,0.424315,-0.568804,-0.0163872,0.99974,0.015825,0.0572809,0.994558,0.0870221,-0.366097,0.928841,0.0568084,-0.0270895,0.997819,0.060186,0.154213,0.972861,0.172512,0.0831488,0.986442,0.141486,-0.0423173,0.999095,-0.0042869,-0.212468,0.970673,-0.112474,0.829779,0.195088,-0.522884,-0.00987453,0.999864,0.0132113,-0.553973,0.41946,-0.719144,-0.132751,0.955594,-0.26309,0.771746,0.248636,0.58531,-0.798166,0.308401,-0.517513,0.377616,-0.924518,0.0517048,-0.00731771,0.999948,0.00706664,-0.110043,0.9908,0.078771,-0.195936,0.973868,-0.114848,-0.0422694,-0.934804,0.35264,0.0972178,-0.978863,0.179933,-0.697047,0.515345,0.498542,-0.122718,0.980907,0.150869,0.760967,0.312634,-0.568497,-0,1,0,0.340068,-0.126351,0.931874,0.721558,0.447942,0.527922,-0.430559,-0.360881,0.827275,0.445483,-0.301753,0.842906,-0.90412,-0.00325822,0.427266,-0.910266,0.0481076,-0.41122,0.781117,-0.0254724,0.623865,0.769107,0.0026877,-0.639115,-0.67013,0.0484342,0.740662,0.662685,0.0715367,-0.745474,-0.67792,-0.159872,-0.717541,-0.57999,-0.266352,0.769849,-0.718754,-0.23193,-0.655439,-0.782649,-0.268358,0.561645,0.675252,0.0289771,-0.737018,0.487924,-0.229619,0.842143,0.530887,-0.352507,-0.770647,-0.626346,-0.168123,-0.7612,-0.504222,0.325977,-0.799687,0.891092,-0.102123,0.442184,-0.689242,-0.365919,-0.625339,-0.424409,-0.518997,0.74197,0.670172,0.109136,-0.734138,-0.80287,0.0369185,0.59501,0.791706,-0.025321,-0.610377,0.746974,-0.064554,-0.661712,0.751571,-0.0560441,-0.657267,0.636481,0.148343,-0.756893,0.622159,-0.0396831,-0.781885,0.880054,-0.0107532,-0.474751,0.77511,0.0951021,-0.624628,0.656748,-0.00815396,-0.754066,0.611607,0.0666152,-0.788353,0.658138,0.202661,-0.725109,0.701502,0.0787089,-0.708308,0.588088,0.0524689,-0.807093,0.572381,-0.0062391,-0.819964,0.569249,0.0769175,-0.81856,0.553895,0.04748,-0.831232,-0.764813,-0.282216,0.579151,-0.618424,-0.471626,-0.628586,-0.775393,-0.341936,0.530892,-0.795793,-0.0955483,0.597983,-0.599874,-0.0884692,-0.795188,-0.723355,0.00675769,-0.690444,-0.329535,-0.680915,0.654035,0.351303,-0.179806,0.918834,-0.399868,-0.214451,0.891132,0.596668,-0.228171,0.769367,0.358955,-0.568885,0.739947,-0.492966,-0.27221,0.82637,0.570198,0.0500164,-0.819983],