{
    "uvs":[],
    "metadata":{
        "materials":2,
        "faces":33,
        "version":3,
        "uvs":0,
        "vertices":25,
        "type":"Geometry",
        "generator":"io_three",
        "normals":31
    },
    "vertices":[-0.0536597,0,0.0569854,-0.0536597,0.36338,0.0569854,-0.0536597,0,-0.0569398,-0.0536597,0.36338,-0.0569398,0.0602655,0,0.0569854,0.0602655,0.36338,0.0569854,0.0602655,0,-0.0569398,0.0602655,0.36338,-0.0569398,-0.0540294,0.403182,0.056917,-0.108747,2.67947,0.108543,-0.0543097,0.403182,-0.0565741,-0.108747,2.67947,-0.108558,0.0603063,0.403182,0.056917,0.108353,2.67947,0.108543,0.0605866,0.403182,-0.0565741,0.108353,2.67947,-0.108558,-0.188526,0.757269,0.188323,-0.153246,2.03959,0.153043,-0.153246,2.03959,-0.153057,-0.188526,0.757269,-0.188337,0.152854,2.03959,-0.153057,0.188133,0.757269,-0.188337,0.152854,2.03959,0.153043,0.188133,0.757269,0.188323,-0.000196199,3.12205,-6.92569e-06],
    "normals":[-1,-0,-0,-0.999954,-0.00928427,0.00246921,-0.490428,-3.57369e-08,-0.871482,-0.999985,-0.00161673,0.00515678,0,4.10071e-08,1,-0,0.00171891,0.999998,0,0.00171891,0.999999,0,-4.10071e-08,-1,0,0.00918935,-0.999958,0,0.00918934,-0.999958,0,-1,0,-0.997591,0.0693762,0,0,0.0693762,-0.997591,0.99759,0.0693782,0,0,0.0693773,0.99759,0,-0.347925,0.937522,0,0.0275017,0.999622,0.940705,-0.339226,0.000537868,0.999622,0.0275017,0,0,-0.348756,-0.937214,0,0.0275021,-0.999622,-0.934956,-0.354763,0.000534541,-0.999622,0.0275017,0,0,0.238205,-0.971215,0.971215,0.238203,-0,-0.971215,0.238206,0,0,0.238204,0.971215,1,0,-0,0.999964,-0.00808822,0.0024692,0.858929,2.09995e-08,0.512095,1,-0.000101221,-0.000322857],
    "faces":[34,2,0,1,0,0,0,0,34,1,8,10,0,1,1,1,34,10,3,2,0,2,2,2,34,1,10,2,0,3,3,3,34,0,4,5,0,4,4,4,34,5,12,8,0,5,5,5,34,1,0,5,0,4,4,4,34,5,8,1,0,6,6,6,34,6,2,3,0,7,7,7,34,3,10,14,0,8,8,8,34,7,6,3,0,7,7,7,34,3,14,7,0,9,9,9,35,4,0,2,6,0,10,10,10,10,35,17,9,11,18,1,11,11,11,11,35,18,11,15,20,1,12,12,12,12,35,20,15,13,22,1,13,13,13,13,35,22,13,9,17,1,14,14,14,14,35,12,23,16,8,1,15,15,15,15,35,23,22,17,16,1,16,16,16,16,35,14,21,23,12,1,17,17,17,17,35,21,20,22,23,1,18,18,18,18,35,10,19,21,14,1,19,19,19,19,35,19,18,20,21,1,20,20,20,20,35,8,16,19,10,1,21,21,21,21,35,16,17,18,19,1,22,22,22,22,34,15,11,24,1,23,23,23,34,13,15,24,1,24,24,24,34,11,9,24,1,25,25,25,34,9,13,24,1,26,26,26,34,4,6,7,0,27,27,27,34,7,14,12,0,28,28,28,34,12,5,4,0,29,29,29,34,7,12,4,0,30,30,30],
    "materials":[{
        "wireframe":false,
        "shading":"phong",
        "opacity":1,
        "blending":1,
        "DbgColor":15658734,
        "visible":true,
        "transparent":false,
        "depthWrite":true,
        "doubleSided":false,
        "DbgIndex":0,
        "DbgName":"Tree_wood",
        "colorDiffuse":[0.300587,0.124992,0.0443339],
        "colorEmissive":[0,0,0],
        "specularCoef":50,
        "depthTest":true,
        "colorSpecular":[0.5,0.5,0.5]
    },{
        "wireframe":false,
        "shading":"phong",
        "opacity":1,
        "blending":1,
        "DbgColor":15597568,
        "visible":true,
        "transparent":false,
        "depthWrite":true,
        "doubleSided":false,
        "DbgIndex":1,
        "DbgName":"Tree_leafs",
        "colorDiffuse":[0.0437044,0.236543,0.00645629],
        "colorEmissive":[0,0,0],
        "specularCoef":50,
        "depthTest":true,
        "colorSpecular":[0.5,0.5,0.5]
    }]
}