{
    "uvs":[],
    "metadata":{
        "materials":2,
        "faces":30,
        "version":3,
        "uvs":0,
        "vertices":21,
        "type":"Geometry",
        "generator":"io_three",
        "normals":30
    },
    "vertices":[0.505757,1.04048,0.367463,-0.193655,1.04048,0.59472,-0.625926,1.04048,-0.000236833,-0.193655,1.04048,-0.595194,0.505757,1.04048,-0.367937,0.192964,1.66606,0.59472,-0.506447,1.66606,0.367463,-0.506447,1.66606,-0.367937,0.192964,1.66606,-0.595194,0.625235,1.66606,-0.00023686,-0.000345194,2.05269,-0.000236877,-0.0896446,0,0.0465681,-0.0896446,0.609021,0.0465681,-0.0724195,0,-0.0629648,-0.0724195,0.609021,-0.0629648,-0.0001064,0,0.125335,-0.0001064,0.609021,0.125335,0.0374029,0,-0.0746943,0.0374029,0.609021,-0.0746944,0.0871933,0.609021,0.0417475,0.0871933,0,0.0417475],
    "normals":[0.697529,-0.715396,-0.0407708,0.179462,-0.716771,-0.67382,0.26605,-0.689802,0.673343,-0.595126,-0.708265,-0.379717,0.982246,-0.187596,0,0.303535,-0.187589,0.934172,-0.794649,-0.187588,0.577359,-0.794649,-0.187588,-0.577359,0.303536,-0.187589,-0.934171,0.794649,0.187588,0.577359,-0.303535,0.187589,0.934172,-0.982246,0.187596,-3.04095e-08,-0.303536,0.187589,-0.934171,0.794649,0.187588,-0.577359,0.491122,0.794652,0.356829,-0.187596,0.794651,0.577354,-0.607064,0.794653,-1.28814e-07,-0.187597,0.794651,-0.577353,0.491122,0.794652,-0.356829,-0.987859,-7.75785e-09,-0.155351,-0.106201,-4.84599e-08,-0.994345,0.919468,-1.92394e-08,-0.393164,0.691581,3.53456e-08,0.722299,0.919468,-1.81129e-08,-0.393164,0.691581,2.53047e-08,0.722299,-0.6605,3.5264e-08,0.750826,0,-1,0,0,-1,-0,0,-1,0,-0.567903,-0.695715,0.43985],
    "faces":[35,4,0,19,18,1,0,0,0,0,35,18,14,3,4,1,1,1,1,1,35,19,0,1,16,1,2,2,2,2,35,3,14,12,2,1,3,3,3,3,34,0,4,9,1,4,4,4,34,1,0,5,1,5,5,5,34,2,1,6,1,6,6,6,34,3,2,7,1,7,7,7,34,4,3,8,1,8,8,8,34,0,9,5,1,9,9,9,34,1,5,6,1,10,10,10,34,2,6,7,1,11,11,11,34,3,7,8,1,12,12,12,34,4,8,9,1,13,13,13,34,5,9,10,1,14,14,14,34,6,5,10,1,15,15,15,34,7,6,10,1,16,16,16,34,8,7,10,1,17,17,17,34,9,8,10,1,18,18,18,35,11,12,14,13,0,19,19,19,19,35,13,14,18,17,0,20,20,20,20,34,20,17,18,0,21,21,21,34,19,16,15,0,22,22,22,34,20,18,19,0,23,23,23,34,19,15,20,0,24,24,24,35,15,16,12,11,0,25,25,25,25,34,11,13,17,0,26,26,26,34,17,20,15,0,27,27,27,34,17,15,11,0,28,28,28,35,2,12,16,1,1,29,29,29,29],
    "materials":[{
        "wireframe":false,
        "shading":"phong",
        "opacity":1,
        "blending":1,
        "DbgColor":15658734,
        "visible":true,
        "transparent":false,
        "depthWrite":true,
        "doubleSided":false,
        "DbgIndex":0,
        "DbgName":"Tree_wood",
        "colorDiffuse":[0.300587,0.124992,0.0443339],
        "colorEmissive":[0,0,0],
        "specularCoef":50,
        "depthTest":true,
        "colorSpecular":[0.5,0.5,0.5]
    },{
        "wireframe":false,
        "shading":"phong",
        "opacity":1,
        "blending":1,
        "DbgColor":15597568,
        "visible":true,
        "transparent":false,
        "depthWrite":true,
        "doubleSided":false,
        "DbgIndex":1,
        "DbgName":"Tree_leafs",
        "colorDiffuse":[0.0437044,0.236543,0.00645629],
        "colorEmissive":[0,0,0],
        "specularCoef":50,
        "depthTest":true,
        "colorSpecular":[0.5,0.5,0.5]
    }]
}