{
    "uvs":[],
    "metadata":{
        "materials":2,
        "faces":16,
        "version":3,
        "uvs":0,
        "vertices":15,
        "type":"Geometry",
        "generator":"io_three",
        "normals":16
    },
    "vertices":[-1.02789e-08,0.362239,-0.689806,-1.02789e-08,2.51895,-8.95488e-08,0.59739,0.362239,-0.344903,0.59739,0.362239,0.344903,-1.02789e-08,0.362239,0.689806,-0.59739,0.362239,0.344903,-0.59739,0.362239,-0.344903,-0.109236,-4.17233e-07,0.109236,-0.109236,0.36338,0.109236,-0.109236,-4.17233e-07,-0.109236,-0.109236,0.36338,-0.109236,0.109236,-4.17233e-07,0.109236,0.109236,0.36338,0.109236,0.109236,-4.17233e-07,-0.109236,0.109236,0.36338,-0.109236],
    "normals":[0.481856,0.26694,-0.8346,0.963713,0.26694,0,0.481856,0.26694,0.8346,-0.481856,0.26694,0.8346,-0.963713,0.26694,0,-0.481856,0.26694,-0.8346,0,-1,1.72816e-07,-9.97751e-08,-1,-0,9.97751e-08,-1,0,0,-1,5.76052e-08,-1,0,0,0,-4.10071e-08,-1,1,0,0,0,4.10071e-08,1,0,-1,-0,0,1,0],
    "faces":[34,0,1,2,1,0,0,0,34,2,1,3,1,1,1,1,34,3,1,4,1,2,2,2,34,4,1,5,1,3,3,3,34,5,1,6,1,4,4,4,34,6,1,0,1,5,5,5,34,6,0,2,0,6,6,6,34,2,3,4,0,7,7,7,34,4,5,6,0,8,8,8,34,2,4,6,0,9,9,9,35,7,8,10,9,0,10,10,10,10,35,9,10,14,13,0,11,11,11,11,35,13,14,12,11,0,12,12,12,12,35,11,12,8,7,0,13,13,13,13,35,9,13,11,7,0,14,14,14,14,35,14,10,8,12,0,15,15,15,15],
    "materials":[{
        "wireframe":false,
        "shading":"phong",
        "opacity":1,
        "blending":1,
        "DbgColor":15658734,
        "visible":true,
        "transparent":false,
        "depthWrite":true,
        "doubleSided":false,
        "DbgIndex":0,
        "DbgName":"Tree_wood",
        "colorDiffuse":[0.300587,0.124992,0.0443339],
        "colorEmissive":[0,0,0],
        "specularCoef":50,
        "depthTest":true,
        "colorSpecular":[0.5,0.5,0.5]
    },{
        "wireframe":false,
        "shading":"phong",
        "opacity":1,
        "blending":1,
        "DbgColor":15597568,
        "visible":true,
        "transparent":false,
        "depthWrite":true,
        "doubleSided":false,
        "DbgIndex":1,
        "DbgName":"Tree_leafs",
        "colorDiffuse":[0.0437044,0.236543,0.00645629],
        "colorEmissive":[0,0,0],
        "specularCoef":50,
        "depthTest":true,
        "colorSpecular":[0.5,0.5,0.5]
    }]
}