{
    "uvs":[],
    "metadata":{
        "materials":2,
        "faces":23,
        "version":3,
        "uvs":0,
        "vertices":25,
        "type":"Geometry",
        "generator":"io_three",
        "normals":23
    },
    "vertices":[-0.105786,0,0.109221,-0.105786,0.36338,0.109221,-0.105786,0,-0.109251,-0.105786,0.36338,-0.109251,0.112686,0,0.109221,0.112686,0.36338,0.109221,0.112686,0,-0.109251,0.112686,0.36338,-0.109251,-0.224876,0.303138,0.224776,-0.224876,1.66827,0.224776,-0.224876,0.303138,-0.224776,-0.224876,1.66827,-0.224776,0.224676,0.303138,0.224776,0.224676,1.66827,0.224776,0.224676,0.303138,-0.224776,0.224676,1.66827,-0.224776,-0.390076,0.546809,0.389976,-0.317022,1.29494,0.316923,-0.317022,1.29494,-0.316922,-0.390076,0.546809,-0.389975,0.316822,1.29494,-0.316922,0.389875,0.546809,-0.389975,0.316822,1.29494,0.316923,0.389875,0.546809,0.389976,-9.98494e-05,1.92648,5.42805e-07],
    "normals":[-1,0,0,0,-4.10071e-08,-1,1,0,0,0,4.10071e-08,1,0,-1,0,0,1,0,-0.970863,0.239637,0,0,0.239635,-0.970863,0.970863,0.239637,0,0,0.239637,0.970863,0,-1,-0,0,-0.561155,0.827711,0,0.0971846,0.995266,0.827711,-0.561155,6.17527e-08,0.995266,0.0971846,-7.01072e-09,0,-0.561155,-0.827711,0,0.0971853,-0.995266,-0.827709,-0.561158,5.14605e-08,-0.995266,0.0971862,-7.01072e-09,0,0.656581,-0.754255,0.754256,0.65658,-0,-0.754256,0.65658,0,0,0.65658,0.754256],
    "faces":[35,0,1,3,2,0,0,0,0,0,35,2,3,7,6,0,1,1,1,1,35,6,7,5,4,0,2,2,2,2,35,1,0,4,5,0,3,3,3,3,35,4,0,2,6,0,4,4,4,4,35,7,3,1,5,0,5,5,5,5,35,17,9,11,18,1,6,6,6,6,35,18,11,15,20,1,7,7,7,7,35,20,15,13,22,1,8,8,8,8,35,22,13,9,17,1,9,9,9,9,35,10,14,12,8,0,10,10,10,10,35,12,23,16,8,1,11,11,11,11,35,23,22,17,16,1,12,12,12,12,35,14,21,23,12,1,13,13,13,13,35,21,20,22,23,1,14,14,14,14,35,10,19,21,14,1,15,15,15,15,35,19,18,20,21,1,16,16,16,16,35,8,16,19,10,1,17,17,17,17,35,16,17,18,19,1,18,18,18,18,34,15,11,24,1,19,19,19,34,13,15,24,1,20,20,20,34,11,9,24,1,21,21,21,34,9,13,24,1,22,22,22],
    "materials":[{
        "wireframe":false,
        "shading":"phong",
        "opacity":1,
        "blending":1,
        "DbgColor":15658734,
        "visible":true,
        "transparent":false,
        "depthWrite":true,
        "doubleSided":false,
        "DbgIndex":0,
        "DbgName":"Tree_wood",
        "colorDiffuse":[0.300587,0.124992,0.0443339],
        "colorEmissive":[0,0,0],
        "specularCoef":50,
        "depthTest":true,
        "colorSpecular":[0.5,0.5,0.5]
    },{
        "wireframe":false,
        "shading":"phong",
        "opacity":1,
        "blending":1,
        "DbgColor":15597568,
        "visible":true,
        "transparent":false,
        "depthWrite":true,
        "doubleSided":false,
        "DbgIndex":1,
        "DbgName":"Tree_leafs",
        "colorDiffuse":[0.0437044,0.236543,0.00645629],
        "colorEmissive":[0,0,0],
        "specularCoef":50,
        "depthTest":true,
        "colorSpecular":[0.5,0.5,0.5]
    }]
}